Village,Product,Quantity,Price,Date
Village B,Pumpkin,18,72.0,2025-09-2
Village B,Wheat,93,,2025-09-28
Village B,Carrot,120,,2025-09-28
Village B,Carrot,181,27.0,2025-09-15
Village B,Potato,44,97.0,2025-09-17
Village B,Carrot,173,69.0,2025-09-8
Village B,Potato,141,21.0,2025-09-6
Village B,Pumpkin,63,,2025-09-10
Village B,Wheat,13,73.0,2025-09-18
Village B,Pumpkin,53,53.0,2025-09-10
Village B,Wheat,199,33.0,2025-09-16
Village B,Potato,24,91.0,2025-09-14
Village B,Wheat,199,59.0,2025-09-21
Village B,Carrot,91,72.0,2025-09-24
Village B,Carrot,163,79.0,2025-09-28
Village B,Carrot,50,48.0,2025-09-15
Village B,Wheat,54,84.0,2025-09-25
Village B,Pumpkin,80,28.0,2025-09-24
Village B,Wheat,138,27.0,2025-09-24
Village B,Wheat,72,30.0,2025-09-19
Village B,Pumpkin,18,72.0,2025-09-2
Village B,Pumpkin,80,28.0,2025-09-24
Village B,Carrot,50,48.0,2025-09-15
