Village,Product,Quantity,Price,Date
Village A,Wheat,,71,15-09-2025
Village A,Pumpkin,116,91,21-09-2025
Village A,Wheat,112,,26-09-2025
Village A,Wheat,84,94,24-09-2025
Village A,Wheat,126,43,03-09-2025
Village A,Potato,159,72,02-09-2025
Village A,Wheat,97,49,06-09-2025
Village A,Potato,139,83,28-09-2025
Village A,Carrot,30,52,12-09-2025
Village A,Carrot,67,41,12-09-2025
Village A,Wheat,98,68,27-09-2025
Village A,,,78,10-09-2025
Village A,Carrot,197,99,15-09-2025
,Wheat,199,81,15-09-2025
Village A,Wheat,199,70,12-09-2025
Village A,Potato,64,83,25-09-2025
Village A,Carrot,140,70,07-09-2025
Village A,Carrot,30,92,07-09-2025
Village A,Wheat,27,23,25-09-2025
Village A,Pumpkin,69,33,18-09-2025
Village A,Wheat,,71,15-09-2025
Village A,Carrot,30,92,07-09-2025
Village A,Potato,64,83,25-09-2025
